<Config>
    <mission id="0" enemyId="100012" bulletID="3" camType="1" moveType="1" moveSpeed="180" posx="1274" posy="2502" actType="102" angle="270" entryX="1274" entryY="2502" position="5" />
    <mission id="0" enemyId="100012" bulletID="3" camType="1" moveType="1" moveSpeed="180" posx="1307" posy="2524" actType="102" angle="270" entryX="1307" entryY="2524" position="5" />
    <mission id="0" enemyId="100012" bulletID="3" camType="1" moveType="1" moveSpeed="180" posx="1334" posy="2543" actType="102" angle="270" entryX="1334" entryY="2543" position="5" />
    <mission id="0" enemyId="100012" bulletID="3" camType="1" moveType="1" moveSpeed="100" posx="1334" posy="2543" actType="102" angle="0" entryX="1334" entryY="2543" position="5" />
    <mission id="0" enemyId="100006" bulletID="5" camType="1" moveType="-1" moveSpeed="0" posx="1376" posy="2859" actType="102" angle="0" entryX="1376" entryY="2859" position="-206" />
    <mission id="0" enemyId="100014" bulletID="5" camType="1" moveType="1" moveSpeed="240" posx="1592" posy="2248" actType="102" angle="225" entryX="1592" entryY="2248" position="-304" />
    <mission id="0" enemyId="100014" bulletID="5" camType="1" moveType="1" moveSpeed="240" posx="1540" posy="2509" actType="102" angle="225" entryX="1540" entryY="2509" position="-304" />
    <mission id="0" enemyId="100014" bulletID="5" camType="1" moveType="1" moveSpeed="240" posx="1679" posy="2409" actType="102" angle="225" entryX="1679" entryY="2409" position="-304" />
    <mission id="0" enemyId="100013" bulletID="5" camType="1" moveType="1" moveSpeed="150" posx="1863" posy="2139" actType="102" angle="225" entryX="1863" entryY="2139" position="-581" />
    <mission id="0" enemyId="100013" bulletID="5" camType="1" moveType="1" moveSpeed="150" posx="1863" posy="2179" actType="102" angle="225" entryX="1863" entryY="2179" position="-581" />
    <mission id="0" enemyId="100013" bulletID="5" camType="1" moveType="1" moveSpeed="150" posx="1877" posy="2232" actType="102" angle="225" entryX="1877" entryY="2232" position="-581" />
    <mission id="0" enemyId="100013" bulletID="5" camType="1" moveType="1" moveSpeed="150" posx="1900" posy="2269" actType="102" angle="225" entryX="1900" entryY="2269" position="-581" />
    <mission id="0" enemyId="100013" bulletID="5" camType="1" moveType="1" moveSpeed="150" posx="1919" posy="2297" actType="102" angle="225" entryX="1919" entryY="2297" position="-581" />
    <mission id="0" enemyId="100012" bulletID="3" camType="1" moveType="1" moveSpeed="300" posx="2250" posy="2357" actType="102" angle="270" entryX="2250" entryY="2357" position="-973" />
    <mission id="0" enemyId="100012" bulletID="3" camType="1" moveType="1" moveSpeed="300" posx="2303" posy="2387" actType="102" angle="270" entryX="2303" entryY="2387" position="-973" />
    <mission id="0" enemyId="100012" bulletID="3" camType="1" moveType="1" moveSpeed="300" posx="2359" posy="2413" actType="102" angle="270" entryX="2359" entryY="2413" position="-973" />
    <mission id="0" enemyId="100012" bulletID="3" camType="1" moveType="1" moveSpeed="300" posx="2410" posy="2437" actType="102" angle="270" entryX="2410" entryY="2437" position="-973" />
    <mission id="0" enemyId="100012" bulletID="3" camType="1" moveType="1" moveSpeed="300" posx="2463" posy="2459" actType="102" angle="270" entryX="2463" entryY="2459" position="-973" />
    <mission id="0" enemyId="100012" bulletID="3" camType="1" moveType="1" moveSpeed="300" posx="2507" posy="2486" actType="102" angle="270" entryX="2507" entryY="2486" position="-973" />
    <mission id="0" enemyId="100012" bulletID="3" camType="1" moveType="1" moveSpeed="300" posx="2545" posy="2511" actType="102" angle="270" entryX="2545" entryY="2511" position="-973" />
    <mission id="0" enemyId="100006" bulletID="5" camType="1" moveType="-1" moveSpeed="0" posx="2299" posy="2851" actType="102" angle="0" entryX="2299" entryY="2851" position="-1002" />
    <mission id="0" enemyId="100014" bulletID="5" camType="1" moveType="7" moveSpeed="180" posx="2819" posy="2240" actType="102" angle="270" entryX="2819" entryY="2240" position="-1543" />
    <mission id="0" enemyId="100014" bulletID="3" camType="1" moveType="6" moveSpeed="180" posx="2820" posy="2495" actType="102" angle="270" entryX="2820" entryY="2495" position="-1543" />
    <mission id="0" enemyId="100012" bulletID="3" camType="1" moveType="12" moveSpeed="120" posx="3340" posy="2796" actType="102" angle="250" entryX="3340" entryY="2796" position="-2344" />
    <mission id="0" enemyId="100013" bulletID="5" camType="1" moveType="1" moveSpeed="240" posx="2091" posy="2150" actType="102" angle="180" entryX="2091" entryY="2150" position="-1254" />
    <mission id="0" enemyId="100013" bulletID="5" camType="1" moveType="1" moveSpeed="240" posx="2191" posy="2151" actType="102" angle="180" entryX="2191" entryY="2151" position="-1254" />
    <mission id="0" enemyId="100013" bulletID="5" camType="1" moveType="1" moveSpeed="240" posx="2285" posy="2150" actType="102" angle="180" entryX="2285" entryY="2150" position="-1254" />
    <mission id="0" enemyId="100013" bulletID="5" camType="1" moveType="1" moveSpeed="240" posx="2374" posy="2150" actType="102" angle="180" entryX="2374" entryY="2150" position="-1254" />
    <mission id="0" enemyId="100013" bulletID="5" camType="1" moveType="1" moveSpeed="240" posx="2460" posy="2148" actType="102" angle="180" entryX="2460" entryY="2148" position="-1254" />
    <mission id="0" enemyId="100013" bulletID="5" camType="1" moveType="1" moveSpeed="240" posx="2551" posy="2147" actType="102" angle="180" entryX="2551" entryY="2147" position="-1254" />
    <mission id="0" enemyId="100012" bulletID="3" camType="1" moveType="2" moveSpeed="120" posx="3455" posy="2322" actType="102" angle="300" entryX="3455" entryY="2322" position="-2344" />
    <mission id="0" enemyId="100012" bulletID="3" camType="1" moveType="12" moveSpeed="160" posx="3273" posy="2160" actType="102" angle="225" entryX="3273" entryY="2160" position="-2344" />
    <mission id="0" enemyId="100012" bulletID="3" camType="1" moveType="12" moveSpeed="160" posx="3337" posy="2161" actType="102" angle="225" entryX="3337" entryY="2161" position="-2344" />
    <mission id="0" enemyId="100012" bulletID="3" camType="1" moveType="12" moveSpeed="160" posx="3397" posy="2160" actType="102" angle="225" entryX="3397" entryY="2160" position="-2344" />
    <mission id="0" enemyId="100012" bulletID="3" camType="1" moveType="12" moveSpeed="160" posx="3463" posy="2161" actType="102" angle="225" entryX="3463" entryY="2161" position="-2344" />
    <mission id="0" enemyId="100012" bulletID="3" camType="1" moveType="12" moveSpeed="160" posx="3521" posy="2161" actType="102" angle="225" entryX="3521" entryY="2161" position="-2344" />
    <mission id="0" enemyId="100013" bulletID="5" camType="1" moveType="1" moveSpeed="240" posx="3822" posy="2398" actType="102" angle="280" entryX="3822" entryY="2398" position="-2554" />
    <mission id="0" enemyId="100013" bulletID="5" camType="1" moveType="1" moveSpeed="150" posx="3822" posy="2398" actType="102" angle="0" entryX="3822" entryY="2398" position="-3182" />
    <mission id="0" enemyId="100013" bulletID="5" camType="1" moveType="1" moveSpeed="240" posx="3899" posy="2420" actType="102" angle="280" entryX="3899" entryY="2420" position="-2554" />
    <mission id="0" enemyId="100013" bulletID="5" camType="1" moveType="1" moveSpeed="240" posx="3881" posy="2360" actType="102" angle="280" entryX="3881" entryY="2360" position="-2554" />
    <mission id="0" enemyId="100013" bulletID="5" camType="1" moveType="1" moveSpeed="240" posx="3853" posy="2320" actType="102" angle="280" entryX="3853" entryY="2320" position="-2554" />
    <mission id="0" enemyId="100013" bulletID="5" camType="1" moveType="1" moveSpeed="240" posx="3863" posy="2484" actType="102" angle="280" entryX="3863" entryY="2484" position="-2554" />
    <mission id="0" enemyId="100013" bulletID="5" camType="1" moveType="1" moveSpeed="240" posx="3858" posy="2552" actType="102" angle="280" entryX="3858" entryY="2552" position="-2554" />
    <mission id="0" enemyId="100013" bulletID="5" camType="1" moveType="1" moveSpeed="240" posx="3897" posy="2619" actType="102" angle="280" entryX="3897" entryY="2619" position="-2554" />
    <mission id="0" enemyId="100014" bulletID="5" camType="1" moveType="1" moveSpeed="120" posx="4481" posy="2839" actType="102" angle="315" entryX="4481" entryY="2839" position="-3199" />
    <mission id="0" enemyId="100013" bulletID="5" camType="1" moveType="4" moveSpeed="150" posx="4190" posy="2718" actType="102" angle="270" entryX="4190" entryY="2718" position="-3695" />
    <mission id="0" enemyId="100013" bulletID="5" camType="1" moveType="6" moveSpeed="150" posx="4281" posy="2723" actType="102" angle="270" entryX="4281" entryY="2723" position="-3695" />
    <mission id="0" enemyId="100013" bulletID="5" camType="1" moveType="6" moveSpeed="150" posx="4356" posy="2723" actType="102" angle="270" entryX="4356" entryY="2723" position="-3695" />
    <mission id="0" enemyId="100013" bulletID="5" camType="1" moveType="6" moveSpeed="150" posx="4433" posy="2720" actType="102" angle="270" entryX="4433" entryY="2720" position="-3695" />
    <mission id="0" enemyId="100013" bulletID="5" camType="1" moveType="6" moveSpeed="150" posx="4512" posy="2722" actType="102" angle="270" entryX="4512" entryY="2722" position="-3695" />
    <mission id="0" enemyId="100013" bulletID="5" camType="1" moveType="6" moveSpeed="150" posx="4595" posy="2723" actType="102" angle="270" entryX="4595" entryY="2723" position="-3695" />
    <mission id="0" enemyId="100013" bulletID="5" camType="1" moveType="1" moveSpeed="120" posx="4772" posy="2352" actType="102" angle="270" entryX="4772" entryY="2352" position="-3493" />
    <mission id="0" enemyId="100013" bulletID="5" camType="1" moveType="1" moveSpeed="120" posx="4802" posy="2400" actType="102" angle="270" entryX="4802" entryY="2400" position="-3493" />
    <mission id="0" enemyId="100013" bulletID="5" camType="1" moveType="1" moveSpeed="120" posx="4830" posy="2452" actType="102" angle="270" entryX="4830" entryY="2452" position="-3493" />
    <mission id="0" enemyId="100013" bulletID="5" camType="1" moveType="1" moveSpeed="120" posx="4864" posy="2502" actType="102" angle="270" entryX="4864" entryY="2502" position="-3493" />
    <mission id="0" enemyId="100013" bulletID="5" camType="1" moveType="1" moveSpeed="120" posx="4902" posy="2553" actType="102" angle="270" entryX="4902" entryY="2553" position="-3493" />
    <mission id="0" enemyId="100013" bulletID="5" camType="1" moveType="1" moveSpeed="120" posx="4944" posy="2595" actType="102" angle="270" entryX="4944" entryY="2595" position="-3493" />
    <mission id="0" enemyId="100014" bulletID="3" camType="1" moveType="2" moveSpeed="160" posx="5543" posy="2398" actType="102" angle="280" entryX="5543" entryY="2398" position="-4268" />
    <mission id="0" enemyId="100014" bulletID="3" camType="1" moveType="2" moveSpeed="160" posx="5744" posy="2638" actType="102" angle="280" entryX="5744" entryY="2638" position="-4268" />
    <mission id="0" enemyId="100014" bulletID="3" camType="1" moveType="2" moveSpeed="160" posx="5513" posy="2686" actType="102" angle="250" entryX="5513" entryY="2686" position="-4268" />
    <mission id="0" enemyId="100014" bulletID="5" camType="1" moveType="1" moveSpeed="160" posx="5980" posy="2819" actType="102" angle="260" entryX="5980" entryY="2819" position="-4268" />
    <mission id="0" enemyId="100014" bulletID="3" camType="1" moveType="1" moveSpeed="160" posx="6833" posy="2438" actType="102" angle="0" entryX="6833" entryY="2438" position="-5551" />
    <mission id="0" enemyId="100014" bulletID="5" camType="1" moveType="2" moveSpeed="160" posx="7265" posy="2567" actType="102" angle="0" entryX="7265" entryY="2567" position="-5972" />
    <mission id="0" enemyId="100014" bulletID="3" camType="1" moveType="1" moveSpeed="160" posx="7499" posy="2399" actType="102" angle="0" entryX="7499" entryY="2399" position="-5972" />
    <mission id="0" enemyId="100014" bulletID="5" camType="1" moveType="3" moveSpeed="150" posx="8007" posy="2252" actType="108" angle="0" entryX="8007" entryY="2252" position="-5972" />
    <mission id="0" enemyId="100014" bulletID="5" camType="1" moveType="2" moveSpeed="150" posx="8817" posy="2312" actType="102" angle="225" entryX="8817" entryY="2312" position="-7720" />
    <mission id="0" enemyId="100014" bulletID="5" camType="1" moveType="2" moveSpeed="150" posx="9000" posy="2437" actType="102" angle="225" entryX="9000" entryY="2437" position="-7720" />
    <mission id="0" enemyId="100013" bulletID="5" camType="1" moveType="6" moveSpeed="150" posx="9175" posy="2602" actType="102" angle="270" entryX="9175" entryY="2602" position="-8621" />
    <mission id="0" enemyId="100013" bulletID="5" camType="1" moveType="6" moveSpeed="150" posx="9272" posy="2601" actType="102" angle="270" entryX="9272" entryY="2601" position="-8621" />
    <mission id="0" enemyId="100013" bulletID="5" camType="1" moveType="6" moveSpeed="150" posx="9366" posy="2599" actType="102" angle="270" entryX="9366" entryY="2599" position="-8621" />
    <mission id="0" enemyId="100013" bulletID="5" camType="1" moveType="6" moveSpeed="150" posx="9461" posy="2600" actType="102" angle="270" entryX="9461" entryY="2600" position="-8621" />
    <mission id="0" enemyId="100013" bulletID="5" camType="1" moveType="6" moveSpeed="150" posx="9553" posy="2597" actType="102" angle="270" entryX="9553" entryY="2597" position="-8621" />
    <mission id="0" enemyId="100013" bulletID="5" camType="1" moveType="6" moveSpeed="150" posx="9643" posy="2599" actType="102" angle="270" entryX="9643" entryY="2599" position="-8621" />
    <mission id="0" enemyId="100014" bulletID="3" camType="1" moveType="2" moveSpeed="150" posx="9745" posy="2282" actType="102" angle="315" entryX="9745" entryY="2282" position="-8466" />
    <mission id="0" enemyId="100012" bulletID="3" camType="1" moveType="12" moveSpeed="100" posx="9997" posy="2187" actType="102" angle="0" entryX="9997" entryY="2187" position="-8716" />
    <mission id="0" enemyId="100012" bulletID="3" camType="1" moveType="12" moveSpeed="100" posx="10064" posy="2188" actType="102" angle="0" entryX="10064" entryY="2188" position="-8718" />
    <mission id="0" enemyId="100012" bulletID="3" camType="1" moveType="12" moveSpeed="100" posx="10131" posy="2190" actType="102" angle="0" entryX="10131" entryY="2190" position="-8718" />
    <mission id="0" enemyId="100012" bulletID="3" camType="1" moveType="12" moveSpeed="100" posx="10196" posy="2191" actType="102" angle="0" entryX="10196" entryY="2191" position="-8718" />
    <mission id="0" enemyId="100012" bulletID="3" camType="1" moveType="12" moveSpeed="100" posx="10260" posy="2191" actType="102" angle="0" entryX="10260" entryY="2191" position="-8718" />
    <mission id="0" enemyId="100012" bulletID="3" camType="1" moveType="1" moveSpeed="150" posx="10435" posy="2288" actType="111" angle="285" entryX="10435" entryY="2288" position="-8718" />
    <mission id="0" enemyId="100014" bulletID="5" camType="1" moveType="2" moveSpeed="160" posx="10735" posy="1922" actType="102" angle="315" entryX="10735" entryY="1922" position="-9453" />
    <mission id="0" enemyId="100006" bulletID="5" camType="1" moveType="-1" moveSpeed="0" posx="10734" posy="2212" actType="106" angle="0" entryX="10734" entryY="2212" position="-9453" />
    <mission id="0" enemyId="100013" bulletID="5" camType="1" moveType="6" moveSpeed="160" posx="11027" posy="1802" actType="102" angle="270" entryX="11027" entryY="1802" position="-10414" />
    <mission id="0" enemyId="100013" bulletID="5" camType="1" moveType="6" moveSpeed="160" posx="11127" posy="1803" actType="102" angle="270" entryX="11127" entryY="1803" position="-10414" />
    <mission id="0" enemyId="100013" bulletID="5" camType="1" moveType="6" moveSpeed="160" posx="11225" posy="1802" actType="102" angle="270" entryX="11225" entryY="1802" position="-10414" />
    <mission id="0" enemyId="100013" bulletID="5" camType="1" moveType="6" moveSpeed="160" posx="11331" posy="1800" actType="102" angle="270" entryX="11331" entryY="1800" position="-10414" />
    <mission id="0" enemyId="100013" bulletID="5" camType="1" moveType="6" moveSpeed="160" posx="11440" posy="1807" actType="102" angle="270" entryX="11440" entryY="1807" position="-10414" />
    <mission id="0" enemyId="100014" bulletID="3" camType="1" moveType="2" moveSpeed="160" posx="10209" posy="1750" actType="102" angle="225" entryX="10209" entryY="1750" position="-9784" />
    <mission id="0" enemyId="100006" bulletID="5" camType="1" moveType="-1" moveSpeed="0" posx="11313" posy="1990" actType="106" angle="0" entryX="11313" entryY="1990" position="-10015" />
    <mission id="0" enemyId="100006" bulletID="5" camType="1" moveType="-1" moveSpeed="0" posx="11696" posy="1868" actType="102" angle="0" entryX="11696" entryY="1868" position="-10399" />
    <mission id="0" enemyId="100006" bulletID="5" camType="1" moveType="-1" moveSpeed="0" posx="12054" posy="1747" actType="102" angle="0" entryX="12054" entryY="1747" position="-10399" />
    <mission id="0" enemyId="200007" bulletID="5" camType="1" moveType="-1" moveSpeed="0" posx="12309" posy="1590" actType="111" angle="0" entryX="12309" entryY="1590" position="-11390" />
    <mission id="0" enemyId="100014" bulletID="5" camType="1" moveType="2" moveSpeed="160" posx="12669" posy="1198" actType="102" angle="315" entryX="12669" entryY="1198" position="-11390" />
    <mission id="0" enemyId="200007" bulletID="5" camType="1" moveType="-1" moveSpeed="0" posx="12962" posy="1370" actType="111" angle="0" entryX="12962" entryY="1370" position="-11390" />
    <mission id="0" enemyId="100014" bulletID="3" camType="1" moveType="2" moveSpeed="100" posx="12257" posy="1361" actType="102" angle="0" entryX="12257" entryY="1361" position="-10978" />
    <mission id="0" enemyId="100013" bulletID="5" camType="1" moveType="7" moveSpeed="160" posx="13181" posy="1048" actType="102" angle="315" entryX="13181" entryY="1048" position="-11899" />
    <mission id="0" enemyId="100013" bulletID="5" camType="1" moveType="7" moveSpeed="160" posx="13248" posy="1047" actType="102" angle="315" entryX="13248" entryY="1047" position="-11899" />
    <mission id="0" enemyId="100013" bulletID="5" camType="1" moveType="7" moveSpeed="160" posx="13312" posy="1048" actType="102" angle="315" entryX="13312" entryY="1048" position="-11899" />
    <mission id="0" enemyId="100013" bulletID="5" camType="1" moveType="7" moveSpeed="160" posx="13380" posy="1050" actType="102" angle="315" entryX="13380" entryY="1050" position="-11899" />
    <mission id="0" enemyId="100013" bulletID="5" camType="1" moveType="7" moveSpeed="160" posx="13445" posy="1052" actType="102" angle="315" entryX="13445" entryY="1052" position="-11899" />
    <mission id="0" enemyId="200007" bulletID="5" camType="1" moveType="-1" moveSpeed="0" posx="13801" posy="1052" actType="111" angle="0" entryX="13801" entryY="1052" position="-12580" />
    <mission id="0" enemyId="100014" bulletID="5" camType="1" moveType="2" moveSpeed="150" posx="13667" posy="835" actType="102" angle="270" entryX="13667" entryY="835" position="-12388" />
    <mission id="0" enemyId="100014" bulletID="5" camType="1" moveType="2" moveSpeed="150" posx="13988" posy="743" actType="102" angle="270" entryX="13988" entryY="743" position="-12388" />
    <mission id="0" enemyId="100013" bulletID="5" camType="1" moveType="1" moveSpeed="120" posx="14460" posy="603" actType="102" angle="270" entryX="14460" entryY="603" position="-13177" />
    <mission id="0" enemyId="100013" bulletID="5" camType="1" moveType="1" moveSpeed="120" posx="14524" posy="565" actType="102" angle="270" entryX="14524" entryY="565" position="-13177" />
    <mission id="0" enemyId="100013" bulletID="5" camType="1" moveType="1" moveSpeed="120" posx="14593" posy="532" actType="102" angle="270" entryX="14593" entryY="532" position="-13177" />
    <mission id="0" enemyId="100013" bulletID="5" camType="1" moveType="1" moveSpeed="120" posx="14658" posy="490" actType="102" angle="270" entryX="14658" entryY="490" position="-13177" />
    <mission id="0" enemyId="100013" bulletID="5" camType="1" moveType="1" moveSpeed="120" posx="14722" posy="453" actType="102" angle="270" entryX="14722" entryY="453" position="-13177" />
    <mission id="0" enemyId="100013" bulletID="5" camType="1" moveType="1" moveSpeed="120" posx="14786" posy="434" actType="102" angle="270" entryX="14786" entryY="434" position="-13177" />
    <mission id="0" enemyId="100014" bulletID="5" camType="1" moveType="2" moveSpeed="150" posx="15140" posy="368" actType="102" angle="270" entryX="15140" entryY="368" position="-13857" />
    <mission id="0" enemyId="200007" bulletID="5" camType="1" moveType="-1" moveSpeed="0" posx="15585" posy="658" actType="111" angle="0" entryX="15585" entryY="658" position="-11390" />
    <mission id="0" enemyId="100013" bulletID="5" camType="1" moveType="1" moveSpeed="200" posx="15589" posy="384" actType="102" angle="270" entryX="15589" entryY="384" position="-14305" />
    <mission id="0" enemyId="100013" bulletID="5" camType="1" moveType="1" moveSpeed="200" posx="15655" posy="412" actType="102" angle="270" entryX="15655" entryY="412" position="-14305" />
    <mission id="0" enemyId="100013" bulletID="5" camType="1" moveType="1" moveSpeed="200" posx="15718" posy="457" actType="102" angle="270" entryX="15718" entryY="457" position="-14305" />
    <mission id="0" enemyId="100012" bulletID="3" camType="1" moveType="1" moveSpeed="150" posx="16052" posy="522" actType="102" angle="315" entryX="16052" entryY="522" position="-14771" />
    <mission id="0" enemyId="100012" bulletID="3" camType="1" moveType="1" moveSpeed="150" posx="16118" posy="527" actType="102" angle="315" entryX="16118" entryY="527" position="-14771" />
    <mission id="0" enemyId="100012" bulletID="3" camType="1" moveType="1" moveSpeed="150" posx="16179" posy="531" actType="102" angle="315" entryX="16179" entryY="531" position="-14771" />
    <mission id="0" enemyId="100012" bulletID="3" camType="1" moveType="7" moveSpeed="150" posx="16242" posy="356" actType="102" angle="225" entryX="16242" entryY="356" position="-14964" />
    <mission id="0" enemyId="100012" bulletID="3" camType="1" moveType="7" moveSpeed="150" posx="16307" posy="357" actType="102" angle="225" entryX="16307" entryY="357" position="-14964" />
    <mission id="0" enemyId="100012" bulletID="3" camType="1" moveType="7" moveSpeed="150" posx="16376" posy="359" actType="102" angle="225" entryX="16376" entryY="359" position="-14964" />
    <mission id="0" enemyId="100012" bulletID="3" camType="1" moveType="6" moveSpeed="200" posx="16445" posy="650" actType="102" angle="315" entryX="16445" entryY="650" position="-15168" />
    <mission id="0" enemyId="100012" bulletID="3" camType="1" moveType="6" moveSpeed="200" posx="16515" posy="652" actType="102" angle="315" entryX="16515" entryY="652" position="-15168" />
    <mission id="0" enemyId="100012" bulletID="3" camType="1" moveType="6" moveSpeed="200" posx="16582" posy="655" actType="102" angle="315" entryX="16582" entryY="655" position="-15168" />
    <mission id="0" enemyId="100013" bulletID="5" camType="1" moveType="1" moveSpeed="100" posx="18767" posy="2795" actType="102" angle="0" entryX="18767" entryY="2795" position="-17496" />
    <mission id="0" enemyId="100013" bulletID="5" camType="1" moveType="1" moveSpeed="100" posx="18837" posy="2812" actType="102" angle="0" entryX="18837" entryY="2812" position="-17496" />
    <mission id="0" enemyId="100013" bulletID="5" camType="1" moveType="1" moveSpeed="100" posx="18899" posy="2831" actType="102" angle="0" entryX="18899" entryY="2831" position="-17496" />
    <mission id="0" enemyId="100013" bulletID="5" camType="1" moveType="1" moveSpeed="100" posx="18963" posy="2855" actType="102" angle="0" entryX="18963" entryY="2855" position="-17496" />
    <mission id="0" enemyId="100013" bulletID="5" camType="1" moveType="1" moveSpeed="100" posx="19026" posy="2881" actType="102" angle="0" entryX="19026" entryY="2881" position="-17496" />
    <mission id="0" enemyId="100013" bulletID="5" camType="1" moveType="1" moveSpeed="100" posx="19085" posy="2897" actType="102" angle="0" entryX="19085" entryY="2897" position="-17496" />
    <mission id="0" enemyId="100013" bulletID="5" camType="1" moveType="1" moveSpeed="100" posx="19149" posy="2918" actType="102" angle="0" entryX="19149" entryY="2918" position="-17496" />
    <mission id="0" enemyId="100013" bulletID="5" camType="1" moveType="1" moveSpeed="100" posx="18978" posy="2369" actType="102" angle="0" entryX="18978" entryY="2369" position="-17695" />
    <mission id="0" enemyId="100013" bulletID="5" camType="1" moveType="1" moveSpeed="100" posx="19038" posy="2359" actType="102" angle="0" entryX="19038" entryY="2359" position="-17695" />
    <mission id="0" enemyId="100013" bulletID="5" camType="1" moveType="1" moveSpeed="100" posx="19094" posy="2346" actType="102" angle="0" entryX="19094" entryY="2346" position="-17695" />
    <mission id="0" enemyId="100013" bulletID="5" camType="1" moveType="1" moveSpeed="100" posx="19158" posy="2319" actType="102" angle="0" entryX="19158" entryY="2319" position="-17695" />
    <mission id="0" enemyId="100013" bulletID="5" camType="1" moveType="1" moveSpeed="100" posx="19222" posy="2297" actType="102" angle="0" entryX="19222" entryY="2297" position="-17695" />
    <mission id="0" enemyId="100013" bulletID="5" camType="1" moveType="1" moveSpeed="100" posx="19290" posy="2278" actType="102" angle="0" entryX="19290" entryY="2278" position="-17695" />
    <mission id="0" enemyId="100013" bulletID="5" camType="1" moveType="1" moveSpeed="100" posx="19351" posy="2264" actType="102" angle="0" entryX="19351" entryY="2264" position="-17695" />
    <mission id="0" enemyId="100014" bulletID="3" camType="1" moveType="1" moveSpeed="100" posx="19309" posy="2446" actType="102" angle="0" entryX="19309" entryY="2446" position="-18033" />
    <mission id="0" enemyId="100014" bulletID="5" camType="1" moveType="1" moveSpeed="100" posx="19355" posy="2594" actType="102" angle="0" entryX="19355" entryY="2594" position="-18033" />
    <mission id="0" enemyId="300015" bulletID="5" camType="2" moveType="-1" moveSpeed="0" posx="19471" posy="2421" actType="202" angle="0" entryX="19471" entryY="2421" position="-18711" />
    <mission id="0" enemyId="200005" bulletID="3" camType="2" moveType="3" moveSpeed="150" posx="7607" posy="2395" actType="108" angle="0" entryX="7607" entryY="2395" position="-7089" />
    <mission id="0" enemyId="100013" bulletID="5" camType="1" moveType="1" moveSpeed="150" posx="8547" posy="2201" actType="102" angle="90" entryX="8547" entryY="2201" position="-8621" />
</Config>
