<!-- edited with XMLSpy v2013 (http://www.altova.com) by  () -->
<!--
organ_id:机关ID
fb_id:机关所属的副本ID（暂时不区分难度)
organ_type:机关类型；1喷火轮2火山丘3熔岩铁链4铁链门5喷火井三连6喷火井五连7小岩浆炮8爆炸岩浆炮9熔岩起雾
X_location：机关所处位置X轴坐标（编辑器中的实际坐标）
Y_location：机关所处位置Y轴坐标（编辑器中的实际坐标）
layer:机关的层级关系；8-10为远景被角色覆盖11-13为次远景被角色覆盖14-16为中景（路）覆盖/被覆盖17-19为前景（黑色遮罩）覆盖角色8远景后（被同级覆盖），8-13层不适合于地形融合的机关，移动速度不同会导致二者分离
    9远景中（覆盖同级）
    10远景前（覆盖同级）
    11次前景后（被同级覆盖）
    12次前景中（覆盖同级）
    13次前景前（覆盖同级）
    14中景后（被同级覆盖）
    15中景中（覆盖同级）
    16中景前（覆盖同级）
    17前景后（被同级覆盖）
    18前景中（覆盖同级）
    19前景前（覆盖同级）
damage_Type:伤害类型；1.秒伤（持续伤害）2.直接伤害（一次性）
damage：伤害值；对角色造成直接伤害
frequency：攻击特效的触发间隔，单位秒（兼顾动画播放时间快慢）持续触发的填写0 没有触发的填-1
speed：每秒钟旋转的角度，越大旋转速度越快，可以超过360（负数为逆时针）没有自转的机关填-1
-->
<Config>
	<mission Organ_Id="1" Fb_Id="204" Organ_Type="1" X_Location="3005" Y_Location="2564" Layer="15" Damage_Type="1" Damage="1" Frequency="0" Speed="290"/>
	<mission Organ_Id="2" Fb_Id="204" Organ_Type="2" X_Location="4233" Y_Location="2815" Layer="18" Damage_Type="2" Damage="11" Frequency="2" Speed="-1"/>
	<mission Organ_Id="3" Fb_Id="204" Organ_Type="1" X_Location="5102" Y_Location="2185" Layer="15" Damage_Type="1" Damage="1" Frequency="0" Speed="-90"/>
	<mission Organ_Id="4" Fb_Id="204" Organ_Type="1" X_Location="8954" Y_Location="2911" Layer="18" Damage_Type="1" Damage="1" Frequency="0" Speed="90"/>
	<mission Organ_Id="5" Fb_Id="204" Organ_Type="1" X_Location="9208" Y_Location="1855" Layer="15" Damage_Type="1" Damage="1" Frequency="0" Speed="130"/>
	<mission Organ_Id="6" Fb_Id="204" Organ_Type="1" X_Location="10089" Y_Location="2521" Layer="15" Damage_Type="1" Damage="1" Frequency="0" Speed="140"/>
	<mission Organ_Id="7" Fb_Id="204" Organ_Type="1" X_Location="10409" Y_Location="1400" Layer="15" Damage_Type="1" Damage="1" Frequency="0" Speed="150"/>
	<mission Organ_Id="8" Fb_Id="204" Organ_Type="4" X_Location="6405" Y_Location="2123" Layer="15" Damage_Type="1" Damage="0" Frequency="1" Speed="-1"/>
	<mission Organ_Id="9" Fb_Id="204" Organ_Type="3" X_Location="11599" Y_Location="924" Layer="15" Damage_Type="1" Damage="1" Frequency="1" Speed="-1"/>
	<mission Organ_Id="10" Fb_Id="204" Organ_Type="1" X_Location="13946" Y_Location="76" Layer="15" Damage_Type="1" Damage="1" Frequency="1" Speed="-1"/>
	<mission Organ_Id="11" Fb_Id="204" Organ_Type="1" X_Location="14940" Y_Location="778" Layer="15" Damage_Type="1" Damage="1" Frequency="0" Speed="90"/>
</Config>
