<?xml version="1.0" encoding="UTF-8" standalone="yes"?>
<!--
        @brief    记录地图场景中所有32位色的资源名称
        @date     2014-05-21
 -->
<item>
    <!--
     @brief   第一个大场景
     -->
	<scenemap id="1">
        <fullcolor  name = "scenes/sceneA/scA_pt1_fullColor"/>
        <fullcolor  name = "scenes/sceneA/sceneACloud"/>
        <fullcolor  name = "scenes/sceneA/sceneAFog"/>
        <fullcolor  name = "scenes/sceneA/sceneAWater"/>
    </scenemap>
    <scenemap id="2">
        <fullcolor  name = "scenes/sceneA/scA_pt2_fullColor"/>
        <fullcolor  name = "scenes/sceneA/sceneACloud"/>
        <fullcolor  name = "scenes/sceneA/sceneAFog"/>
    </scenemap>
    <scenemap id="3">
        <fullcolor  name = "scenes/sceneA/scA_pt3_fullColor"/>
        <fullcolor  name = "scenes/sceneA/sceneACloud"/>
        <fullcolor  name = "scenes/sceneA/sceneAFog"/>
    </scenemap>
    <scenemap id="4">
        <fullcolor  name = "scenes/sceneA/scA_pt4_fullColor"/>
        <fullcolor  name = "scenes/sceneA/sceneACloud"/>
        <fullcolor  name = "scenes/sceneA/sceneAFog"/>
        <fullcolor  name = "scenes/sceneA/sceneAWater"/>
    </scenemap>
    <scenemap id="5">
        <fullcolor  name = "scenes/sceneA/scA_pt5_fullColor"/>
    </scenemap>
    <scenemap id="6">
        <fullcolor  name = "scenes/sceneA/scA_pt7_fullColor"/>
        <fullcolor  name = "scenes/sceneA/sceneACloud"/>
        <fullcolor  name = "scenes/sceneA/sceneAFog"/>
    </scenemap>
    <scenemap id="7">
        <fullcolor  name = "scenes/sceneA/scA_pt6_fullColor"/>
        <fullcolor  name = "scenes/sceneA/scA_pt4_fullColor"/>
        <fullcolor  name = "scenes/sceneA/sceneACloud"/>
        <fullcolor  name = "scenes/sceneA/sceneAFog"/>
        <fullcolor  name = "scenes/sceneA/sceneAWater"/>
    </scenemap>
    <scenemap id="8">
        <fullcolor  name = "scenes/sceneA/scA_pt8_fullColor"/>
        <fullcolor  name = "scenes/sceneA/sceneACloud"/>
        <fullcolor  name = "scenes/sceneA/sceneAFog"/>
    </scenemap>
    <!--
    @brief   第二个大场景
     -->
    <scenemap id="9">
        <fullcolor  name = "scenes/sceneB/scB_pt1_fullColor"/>
    </scenemap>
    <scenemap id="10">
        <fullcolor  name = "scenes/sceneB/scB_pt1_fullColor"/>
        <fullcolor  name = "scenes/sceneB/scB_pt2_fullColor"/>
    </scenemap>
    <scenemap id="11">
        <fullcolor  name = "scenes/sceneB/scB_pt1_fullColor"/>
        <fullcolor  name = "scenes/sceneB/scB_pt3_fullColor"/>
        <fullcolor  name = "scenes/sceneB/scB_pt3_smlPic"/>
    </scenemap>
    <scenemap id="12">
        <fullcolor  name = "scenes/sceneB/scB_pt4_fullColor"/>
        <fullcolor  name = "scenes/sceneB/scB_pt4_fullColorB"/>
    </scenemap>
</item>